ticker,empresa,volume,logo,setor_brapi,tipo,setor_b3,subsetor_b3
BBDC4,Banco Bradesco SA Pfd,51887400,https://icons.brapi.dev/icons/BBDC4.svg,Finance,stock,Financeiro e Outros,Bancos
BBAS3,Banco do Brasil S.A.,49988600,https://icons.brapi.dev/icons/BBAS3.svg,Finance,stock,Financeiro e Outros,Bancos
PETR4,Petroleo Brasileiro SA Pfd,48871300,https://icons.brapi.dev/icons/PETR4.svg,Energy Minerals,stock,"Petróleo, Gás e Biocombustíveis","Petróleo, Gás e Biocombustíveis"
AZUL4,Azul SA Pfd Registered Shs,45112900,https://icons.brapi.dev/icons/AZUL4.svg,Transportation,stock,Bens Industriais,Transporte e Logística
CSAN3,Cosan S.A.,42305100,https://icons.brapi.dev/icons/CSAN3.svg,Utilities,stock,"Petróleo, Gás e Biocombustíveis","Petróleo, Gás e Biocombustíveis"
B3SA3,"B3 SA - Brasil, Bolsa, Balcao",41804900,https://icons.brapi.dev/icons/B3SA3.svg,Finance,stock,Financeiro e Outros,Serviços Financeiros Diversos
ITSA4,Itausa SA Non-Cum Perp Pfd Registered Shs,40118600,https://icons.brapi.dev/icons/ITSA4.svg,Finance,stock,Financeiro e Outros,Serviços Financeiros Diversos
ABEV3,Ambev SA,35447400,https://icons.brapi.dev/icons/ABEV3.svg,Consumer Non-Durables,stock,Consumo Não Cíclico,Alimentos e Bebidas
MRFG3,Marfrig Global Foods SA,28882700,https://icons.brapi.dev/icons/MRFG3.svg,Consumer Non-Durables,stock,Consumo Não Cíclico,Alimentos e Bebidas
BRFS3,BRF S.A.,26961300,https://icons.brapi.dev/icons/BRFS3.svg,Consumer Non-Durables,stock,Consumo Não Cíclico,Alimentos e Bebidas
USIM5,Usinas Siderurgicas de Minas Gerais SA-Usiminas Pfd A,26570200,https://icons.brapi.dev/icons/USIM5.svg,Non-Energy Minerals,stock,Materiais Básicos,Mineração e Siderurgia
ITUB4,Itau Unibanco Holding SA Pfd,25925100,https://icons.brapi.dev/icons/ITUB4.svg,Finance,stock,Financeiro e Outros,Bancos
VALE3,Vale S.A.,25374600,https://icons.brapi.dev/icons/VALE3.svg,Non-Energy Minerals,stock,Materiais Básicos,Mineração e Siderurgia
NATU3,Natura Cosmeticos SA,23382700,https://icons.brapi.dev/icons/BRAPI.svg,Consumer Non-Durables,stock,Consumo Cíclico,Bens de Consumo
VBBR3,Vibra Energia SA,23368800,https://icons.brapi.dev/icons/VBBR3.svg,Retail Trade,stock,"Petróleo, Gás e Biocombustíveis","Petróleo, Gás e Biocombustíveis"
VAMO3,"Vamos Locacao de Caminhoes, Maquinas e Equipamentos SA",20893200,https://icons.brapi.dev/icons/VAMO3.svg,Finance,stock,Financeiro e Outros,Serviços Financeiros Diversos
BRAV3,Brava Energia,20282400,https://icons.brapi.dev/icons/BRAV3.svg,Energy Minerals,stock,"Petróleo, Gás e Biocombustíveis","Petróleo, Gás e Biocombustíveis"
COGN3,Cogna Educacao S.A.,18210100,https://icons.brapi.dev/icons/COGN3.svg,Commercial Services,stock,Educação,Educação
MGLU3,Magazine Luiza S.A.,16826000,https://icons.brapi.dev/icons/MGLU3.svg,Retail Trade,stock,Consumo Cíclico,Comércio Varejista
BBDC3,Banco Bradesco SA,16142300,https://icons.brapi.dev/icons/BBDC3.svg,Finance,stock,Financeiro e Outros,Bancos
ELET3,Centrais Eletricas Brasileiras SA-Eletrobras,15974100,https://icons.brapi.dev/icons/ELET3.svg,Utilities,stock,Utilidade Pública,Energia Elétrica
LREN3,Lojas Renner S.A.,15882500,https://icons.brapi.dev/icons/LREN3.svg,Retail Trade,stock,Consumo Cíclico,Comércio Varejista
PETR3,Petroleo Brasileiro SA,15727600,https://icons.brapi.dev/icons/PETR3.svg,Energy Minerals,stock,"Petróleo, Gás e Biocombustíveis","Petróleo, Gás e Biocombustíveis"
ASAI3,Sendas Distribuidora SA,15489100,https://icons.brapi.dev/icons/ASAI3.svg,Retail Trade,stock,Consumo Cíclico,Comércio Varejista
RAIL3,Rumo SA,15339600,https://icons.brapi.dev/icons/RAIL3.svg,Transportation,stock,Bens Industriais,Transporte e Logística
RAIZ4,Raizen SA Non-Cum Perp Pfd Registered Shs,14499400,https://icons.brapi.dev/icons/RAIZ4.svg,Retail Trade,stock,Consumo Cíclico,Comércio Varejista
CPLE6,Companhia Paranaense de Energia - COPEL Pfd Registered B,14174800,https://icons.brapi.dev/icons/CPLE6.svg,Utilities,stock,Utilidade Pública,Energia Elétrica
CMIG4,Companhia Energetica de Minas Gerais SA Pfd,13158200,https://icons.brapi.dev/icons/CMIG4.svg,Utilities,stock,Utilidade Pública,Energia Elétrica
EQTL3,Equatorial S.A.,12662300,https://icons.brapi.dev/icons/EQTL3.svg,Utilities,stock,Utilidade Pública,Energia Elétrica
ENEV3,Eneva S.A.,12349800,https://icons.brapi.dev/icons/ENEV3.svg,Utilities,stock,Utilidade Pública,Energia Elétrica
RADL3,Raia Drogasil S.A.,11376000,https://icons.brapi.dev/icons/RADL3.svg,Retail Trade,stock,Consumo Cíclico,Comércio Varejista
KLBN11,Klabin SA Ctf de Deposito de Acoes Cons of 1 Sh + 4 Pfd Shs,11204300,https://icons.brapi.dev/icons/KLBN11.svg,Non-Energy Minerals,fund,Materiais Básicos,Papel e Celulose
RDOR3,Rede D'Or Sao Luiz SA,10999700,https://icons.brapi.dev/icons/RDOR3.svg,Health Services,stock,Saúde,Saúde
CVCB3,CVC Brasil Operadora e Agencia de Viagens SA,10702300,https://icons.brapi.dev/icons/CVCB3.svg,Consumer Services,stock,Serviços Diversos,Serviços Diversos
GGBR4,Gerdau S.A. Pfd,10277700,https://icons.brapi.dev/icons/GGBR4.svg,Non-Energy Minerals,stock,Materiais Básicos,Mineração e Siderurgia
FLRY3,Fleury SA,10260300,https://icons.brapi.dev/icons/FLRY3.svg,Health Services,stock,Saúde,Saúde
BPAC11,Banco BTG Pactual SA Units Cons of 1 Sh + 2 Pfd Shs A,9933700,https://icons.brapi.dev/icons/BPAC11.svg,Finance,fund,Financeiro e Outros,Bancos
WEGE3,WEG SA,9696300,https://icons.brapi.dev/icons/WEGE3.svg,Producer Manufacturing,stock,Bens Industriais,Máquinas e Equipamentos
BBSE3,BB Seguridade Participacoes SA,9456100,https://icons.brapi.dev/icons/BBSE3.svg,Finance,stock,Financeiro e Outros,Serviços Financeiros Diversos
CSNA3,Companhia Siderurgica Nacional,9306400,https://icons.brapi.dev/icons/CSNA3.svg,Non-Energy Minerals,stock,Materiais Básicos,Mineração e Siderurgia
AURE3,Auren Energia SA,9258800,https://icons.brapi.dev/icons/AURE3.svg,Utilities,stock,Utilidade Pública,Energia Elétrica
ARML3,Armac Locacao Logistica e Servicos SA,9183500,https://icons.brapi.dev/icons/ARML3.svg,Finance,stock,Bens Industriais,Máquinas e Equipamentos
PETZ3,Pet Center Comercio e Participacoes,8605400,https://icons.brapi.dev/icons/PETZ3.svg,Process Industries,stock,Consumo Cíclico,Comércio Varejista
PCAR3,Companhia Brasileira de Distribuicao,8583100,https://icons.brapi.dev/icons/PCAR3.svg,Retail Trade,stock,Consumo Cíclico,Comércio Varejista
MOTV3,Motiva Infraestrutura de Mobilidade SA,8450300,https://icons.brapi.dev/icons/BRAPI.svg,Transportation,stock,Bens Industriais,Transporte e Logística
CEAB3,C&A Modas SA,8370500,https://icons.brapi.dev/icons/CEAB3.svg,Retail Trade,stock,Consumo Cíclico,Comércio Varejista
PRIO3,Prio SA,8189800,https://icons.brapi.dev/icons/PRIO3.svg,Energy Minerals,stock,"Petróleo, Gás e Biocombustíveis","Petróleo, Gás e Biocombustíveis"
POMO4,Marcopolo SA Pfd,7866900,https://icons.brapi.dev/icons/POMO4.svg,Producer Manufacturing,stock,Bens Industriais,Máquinas e Equipamentos
GMAT3,Grupo Mateus SA,7793200,https://icons.brapi.dev/icons/GMAT3.svg,Retail Trade,stock,Consumo Cíclico,Comércio Varejista
JHSF3,JHSF Participacoes S.A.,7647100,https://icons.brapi.dev/icons/JHSF3.svg,Finance,stock,Financeiro e Outros,Construção Civil e Imobiliário
BEEF3,Minerva S.A.,7388800,https://icons.brapi.dev/icons/BEEF3.svg,Distribution Services,stock,Consumo Não Cíclico,Alimentos e Bebidas
RENT3,Localiza Rent A Car SA,7182400,https://icons.brapi.dev/icons/RENT3.svg,Finance,stock,Financeiro e Outros,Serviços Financeiros Diversos
BHIA3,Grupo Casas Bahia S.A.,7075000,https://icons.brapi.dev/icons/BHIA3.svg,Retail Trade,stock,Consumo Cíclico,Comércio Varejista
GOAU4,Metalurgica Gerdau SA Pfd,6851700,https://icons.brapi.dev/icons/GOAU4.svg,Non-Energy Minerals,stock,Materiais Básicos,Mineração e Siderurgia
DASA3,Diagnosticos da America S.A.,6809200,https://icons.brapi.dev/icons/DASA3.svg,Health Services,stock,Saúde,Saúde
SMFT3,Smartfit Escola de Ginastica e Danca SA,6613700,https://icons.brapi.dev/icons/SMFT3.svg,Consumer Services,stock,Educação,Educação
SUZB3,Suzano S.A.,6515100,https://icons.brapi.dev/icons/SUZB3.svg,Process Industries,stock,Materiais Básicos,Papel e Celulose
HBSA3,Hidrovias do Brasil SA,6335500,https://icons.brapi.dev/icons/HBSA3.svg,Transportation,stock,Bens Industriais,Transporte e Logística
CXSE3,Caixa Seguridade Participacoes SA,6207000,https://icons.brapi.dev/icons/CXSE3.svg,Finance,stock,Financeiro e Outros,Serviços Financeiros Diversos
HAPV3,Hapvida Participacoes e Investimentos SA,5796100,https://icons.brapi.dev/icons/HAPV3.svg,Health Services,stock,Saúde,Saúde
QUAL3,Qualicorp Consultoria e Corretora de Seguros S.A.,5737800,https://icons.brapi.dev/icons/QUAL3.svg,Health Services,stock,Financeiro e Outros,Serviços Financeiros Diversos
VIVT3,Telefonica Brasil S.A.,5491100,https://icons.brapi.dev/icons/VIVT3.svg,Communications,stock,Comunicações,Telecomunicações
MRVE3,MRV Engenharia e Participacoes S.A.,5350100,https://icons.brapi.dev/icons/MRVE3.svg,Consumer Durables,stock,Financeiro e Outros,Construção Civil e Imobiliário
CPLE3,Companhia Paranaense de Energia,5158700,https://icons.brapi.dev/icons/CPLE3.svg,Utilities,stock,Utilidade Pública,Energia Elétrica
UGPA3,Ultrapar Participacoes S.A.,5120200,https://icons.brapi.dev/icons/UGPA3.svg,Retail Trade,stock,Consumo Cíclico,Comércio Varejista
STBP3,Santos Brasil Participacoes SA,5054800,https://icons.brapi.dev/icons/STBP3.svg,Transportation,stock,Bens Industriais,Transporte e Logística
HYPE3,Hypera S.A.,4907300,https://icons.brapi.dev/icons/HYPE3.svg,Health Technology,stock,Saúde,Saúde
SBSP3,Companhia de Saneamento Basico do Estado de Sao Paulo SABESP,4660700,https://icons.brapi.dev/icons/SBSP3.svg,Utilities,stock,Utilidade Pública,Saneamento
TIMS3,TIM S.A.,4595500,https://icons.brapi.dev/icons/TIMS3.svg,Communications,stock,Comunicações,Telecomunicações
EMBR3,Embraer S.A.,4565800,https://icons.brapi.dev/icons/EMBR3.svg,Electronic Technology,stock,Bens Industriais,Máquinas e Equipamentos
CAML3,Camil Alimentos SA,4421700,https://icons.brapi.dev/icons/CAML3.svg,Process Industries,stock,Consumo Não Cíclico,Alimentos e Bebidas
ALOS3,Allos S.A.,4412100,https://icons.brapi.dev/icons/ALOS3.svg,Finance,stock,Financeiro e Outros,Serviços Financeiros Diversos
CYRE3,Cyrela Brazil Realty SA Empreendimentos e Participacoes,4360100,https://icons.brapi.dev/icons/CYRE3.svg,Finance,stock,Financeiro e Outros,Construção Civil e Imobiliário
BRAP4,Bradespar SA Pfd,4332400,https://icons.brapi.dev/icons/BRAP4.svg,Finance,stock,Financeiro e Outros,Serviços Financeiros Diversos
CMIN3,CSN Mineracao SA,4330200,https://icons.brapi.dev/icons/CMIN3.svg,Non-Energy Minerals,stock,Materiais Básicos,Mineração e Siderurgia
TAEE11,Transmissora Alianca De Energia Eletrica S.A. Unit,4054500,https://icons.brapi.dev/icons/TAEE11.svg,Industrial Services,fund,Utilidade Pública,Energia Elétrica
LWSA3,LWSA S.A.,3931600,https://icons.brapi.dev/icons/LWSA3.svg,Technology Services,stock,Tecnologia da Informação,Software e Serviços de TI
ENGI11,Energisa SA Units Cons of 1 Sh + 4 Pfd Shs,3908600,https://icons.brapi.dev/icons/ENGI11.svg,Utilities,fund,Utilidade Pública,Energia Elétrica
TEND3,Construtora Tenda SA,3794700,https://icons.brapi.dev/icons/TEND3.svg,Finance,stock,Financeiro e Outros,Construção Civil e Imobiliário
AZEV4,Azevedo & Travassos SA Pfd,3745300,https://icons.brapi.dev/icons/AZEV4.svg,Industrial Services,stock,Bens Industriais,Serviços Industriais
SAPR11,Companhia de Saneamento do Parana - Sanepar Units Cons of 1 Sh + 4 Pfd Shs,3711600,https://icons.brapi.dev/icons/SAPR11.svg,Utilities,fund,Utilidade Pública,Saneamento
TOTS3,TOTVS S.A.,3692700,https://icons.brapi.dev/icons/TOTS3.svg,Technology Services,stock,Tecnologia da Informação,Software e Serviços de TI
USIM3,Usinas Siderurgicas de Minas Gerais SA-Usiminas,3576000,https://icons.brapi.dev/icons/USIM3.svg,Non-Energy Minerals,stock,Materiais Básicos,Mineração e Siderurgia
ECOR3,EcoRodovias Infraestrutura e Logistica S.A.,3383300,https://icons.brapi.dev/icons/ECOR3.svg,Transportation,stock,Bens Industriais,Transporte e Logística
CBAV3,Companhia Brasileira de Aluminio,3369700,https://icons.brapi.dev/icons/CBAV3.svg,Non-Energy Minerals,stock,Materiais Básicos,Mineração e Siderurgia
AMER3,Americanas SA,3348300,https://icons.brapi.dev/icons/AMER3.svg,Retail Trade,stock,Consumo Cíclico,Comércio Varejista
VIVA3,Vivara Participacoes SA,3326300,https://icons.brapi.dev/icons/VIVA3.svg,Consumer Durables,stock,Consumo Cíclico,Comércio Varejista
BRKM5,Braskem S.A. Pfd A,3188600,https://icons.brapi.dev/icons/BRKM5.svg,Process Industries,stock,Materiais Básicos,Química e Petroquímica
RAPT4,Randoncorp S.A.,3100100,https://icons.brapi.dev/icons/RAPT4.svg,Producer Manufacturing,stock,Bens Industriais,Máquinas e Equipamentos
SBFG3,Grupo SBF S.A.,3090400,https://icons.brapi.dev/icons/SBFG3.svg,Retail Trade,stock,Consumo Cíclico,Comércio Varejista
ELET6,Centrais Eletricas Brasileiras SA-Eletrobras Pfd B,2921900,https://icons.brapi.dev/icons/ELET6.svg,Utilities,stock,Utilidade Pública,Energia Elétrica
TASA4,Taurus Armas S.A. Pfd,2839200,https://icons.brapi.dev/icons/TASA4.svg,Electronic Technology,stock,Bens Industriais,Máquinas e Equipamentos
MOVI3,Movida Participacoes SA,2834100,https://icons.brapi.dev/icons/MOVI3.svg,Finance,stock,Financeiro e Outros,Serviços Financeiros Diversos
SMTO3,Sao Martinho S.A.,2775400,https://icons.brapi.dev/icons/SMTO3.svg,Process Industries,stock,Consumo Não Cíclico,Alimentos e Bebidas
GRND3,Grendene S.A.,2702300,https://icons.brapi.dev/icons/GRND3.svg,Consumer Non-Durables,stock,Consumo Cíclico,Bens de Consumo
SANB11,Banco Santander (Brasil) S.A. Units Cons of 1 Sh + 1 Pfd Sh,2603200,https://icons.brapi.dev/icons/SANB11.svg,Finance,fund,Financeiro e Outros,Bancos
IFCM3,Infracommerce CXAAS SA,2594200,https://icons.brapi.dev/icons/IFCM3.svg,Distribution Services,stock,Consumo Não Cíclico,Comércio e Distribuição
SIMH3,Simpar SA,2576300,https://icons.brapi.dev/icons/SIMH3.svg,Transportation,stock,Bens Industriais,Transporte e Logística
KLBN4,Klabin SA Non-Cum Perp Pfd Registered Shs,2550700,https://icons.brapi.dev/icons/KLBN4.svg,Non-Energy Minerals,stock,Materiais Básicos,Papel e Celulose
DIRR3,Direcional Engenharia S.A.,2537900,https://icons.brapi.dev/icons/DIRR3.svg,Finance,stock,Financeiro e Outros,Construção Civil e Imobiliário
SEQL3,Sequoia Logistica e Transportes SA,2534600,https://icons.brapi.dev/icons/SEQL3.svg,Transportation,stock,Bens Industriais,Transporte e Logística
PSSA3,Porto Seguro S.A.,2508000,https://icons.brapi.dev/icons/PSSA3.svg,Finance,stock,Financeiro e Outros,Serviços Financeiros Diversos
YDUQ3,YDUQS Participacoes SA,2481900,https://icons.brapi.dev/icons/YDUQ3.svg,Commercial Services,stock,Educação,Educação
MULT3,Multiplan Empreendimentos Imobiliarios SA,2478100,https://icons.brapi.dev/icons/MULT3.svg,Finance,stock,Financeiro e Outros,Construção Civil e Imobiliário
NEOE3,Neoenergia SA,2426600,https://icons.brapi.dev/icons/NEOE3.svg,Utilities,stock,Utilidade Pública,Energia Elétrica
LIGT3,Light S.A.,2425500,https://icons.brapi.dev/icons/LIGT3.svg,Utilities,stock,Utilidade Pública,Energia Elétrica
GGPS3,GPS Participacoes e Empreendimentos SA,2391100,https://icons.brapi.dev/icons/GGPS3.svg,Commercial Services,stock,Serviços Diversos,Serviços Diversos
SRNA3,Serena Energia SA,2373900,https://icons.brapi.dev/icons/SRNA3.svg,Utilities,stock,Utilidade Pública,Energia Elétrica
PGMN3,Empreendimentos Pague Menos SA,2190600,https://icons.brapi.dev/icons/PGMN3.svg,Retail Trade,stock,Consumo Cíclico,Comércio Varejista
CURY3,Cury Construtora e Incorporadora SA,2104600,https://icons.brapi.dev/icons/CURY3.svg,Finance,stock,Financeiro e Outros,Construção Civil e Imobiliário
AZZA3,Azzas 2154 SA,2089300,https://icons.brapi.dev/icons/AZZA3.svg,Consumer Non-Durables,stock,Consumo Não Cíclico,Alimentos e Bebidas
RECV3,Petroreconcavo SA,2041000,https://icons.brapi.dev/icons/RECV3.svg,Energy Minerals,stock,"Petróleo, Gás e Biocombustíveis","Petróleo, Gás e Biocombustíveis"
INTB3,Intelbras SA Industria de Telecomunicacao Eletronica Brasileir,1913300,https://icons.brapi.dev/icons/INTB3.svg,Technology Services,stock,Tecnologia da Informação,Software e Serviços de TI
CASH3,Meliuz SA,1901900,https://icons.brapi.dev/icons/CASH3.svg,Commercial Services,stock,Tecnologia da Informação,Software e Serviços de TI
BRSR6,Banco do Estado do Rio Grande do Sul SA Pfd Series B,1889900,https://icons.brapi.dev/icons/BRSR6.svg,Finance,stock,Financeiro e Outros,Bancos
ISAE4,Isa Energia Brasil SA Non-Cum Perp Pfd Registered Shs,1885600,https://icons.brapi.dev/icons/ISAE4.svg,Utilities,stock,Utilidade Pública,Energia Elétrica
ODPV3,OdontoPrev S.A.,1884500,https://icons.brapi.dev/icons/ODPV3.svg,Health Services,stock,Saúde,Saúde
EGIE3,ENGIE Brasil Energia S.A.,1839000,https://icons.brapi.dev/icons/EGIE3.svg,Utilities,stock,Utilidade Pública,Energia Elétrica
MILS3,Mills Locacao Servicos e Logistica S.A.,1834300,https://icons.brapi.dev/icons/MILS3.svg,Finance,stock,Bens Industriais,Serviços Industriais
HBOR3,Helbor Empreendimentos S.A.,1722800,https://icons.brapi.dev/icons/HBOR3.svg,Consumer Durables,stock,Financeiro e Outros,Construção Civil e Imobiliário
SYNE3,Syn Prop e Tech SA,1682300,https://icons.brapi.dev/icons/SYNE3.svg,Finance,stock,Financeiro e Outros,Serviços Financeiros Diversos
SLCE3,SLC Agricola S.A.,1639600,https://icons.brapi.dev/icons/SLCE3.svg,Process Industries,stock,Consumo Não Cíclico,Alimentos e Bebidas
DXCO3,Dexco SA,1624300,https://icons.brapi.dev/icons/DXCO3.svg,Producer Manufacturing,stock,Bens Industriais,Máquinas e Equipamentos
MYPK3,Iochpe Maxion S.A.,1623700,https://icons.brapi.dev/icons/MYPK3.svg,Producer Manufacturing,stock,Bens Industriais,Máquinas e Equipamentos
CMIG3,Companhia Energetica de Minas Gerais SA,1599100,https://icons.brapi.dev/icons/CMIG3.svg,Utilities,stock,Utilidade Pública,Energia Elétrica
CSMG3,Companhia de Saneamento de Minas Gerais,1565100,https://icons.brapi.dev/icons/CSMG3.svg,Utilities,stock,Utilidade Pública,Saneamento
ONCO3,Oncoclinicas do Brasil Servicos Medicos SA,1544500,https://icons.brapi.dev/icons/ONCO3.svg,Health Services,stock,Saúde,Saúde
MELK3,Melnick Desenvolvimento Imobiliario SA,1520200,https://icons.brapi.dev/icons/MELK3.svg,Industrial Services,stock,Financeiro e Outros,Construção Civil e Imobiliário
TUPY3,Tupy S.A.,1487500,https://icons.brapi.dev/icons/TUPY3.svg,Producer Manufacturing,stock,Bens Industriais,Máquinas e Equipamentos
CPFE3,CPFL Energia S.A.,1473300,https://icons.brapi.dev/icons/CPFE3.svg,Utilities,stock,Utilidade Pública,Energia Elétrica
EZTC3,EZ TEC Empreendimentos e Participacoes SA,1468200,https://icons.brapi.dev/icons/EZTC3.svg,Finance,stock,Financeiro e Outros,Construção Civil e Imobiliário
PRNR3,Priner Servicos Industriais SA,1446400,https://icons.brapi.dev/icons/PRNR3.svg,Industrial Services,stock,Bens Industriais,Serviços Industriais
ALPA4,Alpargatas SA Pfd,1393400,https://icons.brapi.dev/icons/ALPA4.svg,Consumer Non-Durables,stock,Consumo Cíclico,Bens de Consumo
ALUP11,Alupar Investimento SA Unit Cons of 1 Sh + 2 Pfd Shs,1294600,https://icons.brapi.dev/icons/ALUP11.svg,Utilities,fund,Utilidade Pública,Energia Elétrica
JALL3,Jalles Machado SA,1213700,https://icons.brapi.dev/icons/JALL3.svg,Process Industries,stock,Consumo Não Cíclico,Alimentos e Bebidas
LJQQ3,Lojas Quero-Quero SA,1135100,https://icons.brapi.dev/icons/LJQQ3.svg,Retail Trade,stock,Consumo Cíclico,Comércio Varejista
ESPA3,MPM Corporeos SA,1122400,https://icons.brapi.dev/icons/ESPA3.svg,Consumer Services,stock,Serviços Diversos,Serviços Diversos
FRAS3,Fras-Le S.A.,1071200,https://icons.brapi.dev/icons/FRAS3.svg,Producer Manufacturing,stock,Bens Industriais,Máquinas e Equipamentos
RCSL4,Recrusul SA Pfd,901100,https://icons.brapi.dev/icons/RCSL4.svg,Producer Manufacturing,stock,Bens Industriais,Máquinas e Equipamentos
BPAN4,Banco Pan S.A. Pfd Shs,900000,https://icons.brapi.dev/icons/BPAN4.svg,Finance,stock,Financeiro e Outros,Bancos
MTRE3,Mitre Realty Empreendimentos e Participacoes SA,832600,https://icons.brapi.dev/icons/MTRE3.svg,Finance,stock,Financeiro e Outros,Construção Civil e Imobiliário
VVEO3,CM Hospitalar SA,794300,https://icons.brapi.dev/icons/VVEO3.svg,Distribution Services,stock,Consumo Não Cíclico,Comércio e Distribuição
ITUB3,Itau Unibanco Holding S.A.,775500,https://icons.brapi.dev/icons/ITUB3.svg,Finance,stock,Financeiro e Outros,Bancos
AZEV3,Azevedo & Travassos SA,702000,https://icons.brapi.dev/icons/AZEV3.svg,Industrial Services,stock,Bens Industriais,Serviços Industriais
PORT3,Wilson Sons Holdings Brasil SA,680900,https://icons.brapi.dev/icons/PORT3.svg,Transportation,stock,Bens Industriais,Transporte e Logística
AMBP3,Ambipar Participacoes e Empreendimentos SA,668200,https://icons.brapi.dev/icons/AMBP3.svg,Commercial Services,stock,Serviços Diversos,Serviços Diversos
HBRE3,HBR Realty Empreendimentos Imobiliarios SA,661400,https://icons.brapi.dev/icons/HBRE3.svg,Finance,stock,Financeiro e Outros,Construção Civil e Imobiliário
LOGG3,Log Commercial Properties e Participacoes SA,649300,https://icons.brapi.dev/icons/LOGG3.svg,Industrial Services,stock,Bens Industriais,Serviços Industriais
SHUL4,Schulz S.A.Non-Cum Perp Pfd Registered Shs,642300,https://icons.brapi.dev/icons/SHUL4.svg,Producer Manufacturing,stock,Bens Industriais,Máquinas e Equipamentos
MDNE3,Moura Dubeux Engenharia SA,640200,https://icons.brapi.dev/icons/MDNE3.svg,Finance,stock,Financeiro e Outros,Construção Civil e Imobiliário
SAPR4,Companhia de Saneamento do Parana - Sanepar Non-Cum Perp Pfd Registered Shs,639200,https://icons.brapi.dev/icons/SAPR4.svg,Utilities,stock,Utilidade Pública,Saneamento
PFRM3,Profarma Distribuidora de Produtos Farmaceuticos SA,634200,https://icons.brapi.dev/icons/PFRM3.svg,Distribution Services,stock,Consumo Não Cíclico,Comércio e Distribuição
ENJU3,Enjoei SA,630600,https://icons.brapi.dev/icons/ENJU3.svg,Retail Trade,stock,Consumo Cíclico,Comércio Varejista
ORVR3,Orizon Valorizacao de Residuos SA,623100,https://icons.brapi.dev/icons/ORVR3.svg,Utilities,stock,Utilidade Pública,Energia Elétrica
IRBR3,IRB Brasil Resseguros SA,599900,https://icons.brapi.dev/icons/IRBR3.svg,Finance,stock,Financeiro e Outros,Serviços Financeiros Diversos
BMGB4,Banco Bmg SA BMG Pfd Registered Shs -144A- Reg S,565300,https://icons.brapi.dev/icons/BMGB4.svg,Finance,stock,Financeiro e Outros,Bancos
BMOB3,Bemobi Mobile Tech SA,552100,https://icons.brapi.dev/icons/BMOB3.svg,Technology Services,stock,Tecnologia da Informação,Software e Serviços de TI
EVEN3,Even Construtora E Incorporadora S.A.,509400,https://icons.brapi.dev/icons/EVEN3.svg,Finance,stock,Financeiro e Outros,Construção Civil e Imobiliário
VULC3,Vulcabras SA,494800,https://icons.brapi.dev/icons/VULC3.svg,Consumer Non-Durables,stock,Consumo Cíclico,Bens de Consumo
GUAR3,Guararapes Confeccoes S.A.,494400,https://icons.brapi.dev/icons/GUAR3.svg,Distribution Services,stock,Consumo Cíclico,Comércio Varejista
TFCO4,Track & Field Co SA Pfd Registered Shs,492600,https://icons.brapi.dev/icons/TFCO4.svg,Retail Trade,stock,Consumo Cíclico,Comércio Varejista
MDIA3,M. Dias Branco SA Industria e Comercio de Alimentos,480300,https://icons.brapi.dev/icons/MDIA3.svg,Consumer Non-Durables,stock,Consumo Não Cíclico,Alimentos e Bebidas
DESK3,Desktop SA,466900,https://icons.brapi.dev/icons/DESK3.svg,Communications,stock,Comunicações,Telecomunicações
PINE4,Banco PINE S.A. Pfd,460500,https://icons.brapi.dev/icons/PINE4.svg,Finance,stock,Financeiro e Outros,Bancos
RANI3,Irani Papel e Embalagem SA,453700,https://icons.brapi.dev/icons/RANI3.svg,Process Industries,stock,Materiais Básicos,Papel e Celulose
LAVV3,LAVVI Empreendimentos Imobiliarios SA,453600,https://icons.brapi.dev/icons/LAVV3.svg,Finance,stock,Financeiro e Outros,Construção Civil e Imobiliário
PDGR3,PDG Realty SA Empreendimentos e Participacoes,453100,https://icons.brapi.dev/icons/PDGR3.svg,Finance,stock,Financeiro e Outros,Construção Civil e Imobiliário
POSI3,Positivo Tecnologia SA,438500,https://icons.brapi.dev/icons/POSI3.svg,Electronic Technology,stock,Tecnologia da Informação,Hardware e Equipamentos
PMAM3,Paranapanema S.A.,432300,https://icons.brapi.dev/icons/PMAM3.svg,Non-Energy Minerals,stock,Materiais Básicos,Mineração e Siderurgia
PLPL3,Plano & Plano Desenvolvimento Imobiliario Ltda,421900,https://icons.brapi.dev/icons/PLPL3.svg,Finance,stock,Financeiro e Outros,Construção Civil e Imobiliário
WIZC3,WIZ Co Participacoes e Corretagem de Seguros SA,418400,https://icons.brapi.dev/icons/WIZC3.svg,Finance,stock,Financeiro e Outros,Serviços Financeiros Diversos
KEPL3,Kepler Weber SA,414300,https://icons.brapi.dev/icons/KEPL3.svg,Producer Manufacturing,stock,Bens Industriais,Máquinas e Equipamentos
SEER3,Grupo Ser Educacional SA,408000,https://icons.brapi.dev/icons/SEER3.svg,Consumer Services,stock,Educação,Educação
MLAS3,Multi Group S.A,396400,https://icons.brapi.dev/icons/MLAS3.svg,Electronic Technology,stock,Tecnologia da Informação,Hardware e Equipamentos
OIBR3,Oi S.A.,390500,https://icons.brapi.dev/icons/OIBR3.svg,Communications,stock,Comunicações,Telecomunicações
OPCT3,OceanPact Servicos Maritimos SA,345200,https://icons.brapi.dev/icons/OPCT3.svg,Commercial Services,stock,Serviços Diversos,Serviços Diversos
SOJA3,Boa Safra Sementes SA,340300,https://icons.brapi.dev/icons/SOJA3.svg,Process Industries,stock,Consumo Não Cíclico,Alimentos e Bebidas
AMAR3,Marisa Lojas S.A.,333900,https://icons.brapi.dev/icons/AMAR3.svg,Retail Trade,stock,Consumo Cíclico,Comércio Varejista
ABCB4,Banco ABC Brasil SA Conv Pfd,332800,https://icons.brapi.dev/icons/ABCB4.svg,Finance,stock,Financeiro e Outros,Bancos
GFSA3,Gafisa S.A.,327000,https://icons.brapi.dev/icons/GFSA3.svg,Finance,stock,Financeiro e Outros,Construção Civil e Imobiliário
TOKY3,Grupo Toky SA,316000,https://icons.brapi.dev/icons/BRAPI.svg,Technology Services,stock,Tecnologia da Informação,Software e Serviços de TI
JSLG3,JSL S.A.,314900,https://icons.brapi.dev/icons/JSLG3.svg,Transportation,stock,Bens Industriais,Transporte e Logística
TRIS3,Trisul S.A.,312500,https://icons.brapi.dev/icons/TRIS3.svg,Consumer Durables,stock,Financeiro e Outros,Construção Civil e Imobiliário
LEVE3,Mahle-Metal Leve S.A.,304800,https://icons.brapi.dev/icons/LEVE3.svg,Producer Manufacturing,stock,Bens Industriais,Máquinas e Equipamentos
PNVL3,Dimed S.A. Distribuidora de Medicamentos,297200,https://icons.brapi.dev/icons/PNVL3.svg,Retail Trade,stock,Consumo Cíclico,Comércio Varejista
ZAMP3,ZAMP SA,294800,https://icons.brapi.dev/icons/ZAMP3.svg,Consumer Services,stock,Educação,Educação
POMO3,Marcopolo SA,280300,https://icons.brapi.dev/icons/POMO3.svg,Producer Manufacturing,stock,Bens Industriais,Máquinas e Equipamentos
TGMA3,Tegma Gestao Logistica S.A.,275300,https://icons.brapi.dev/icons/TGMA3.svg,Transportation,stock,Bens Industriais,Transporte e Logística
KLBN3,Klabin SA,273600,https://icons.brapi.dev/icons/KLBN3.svg,Non-Energy Minerals,stock,Materiais Básicos,Papel e Celulose
FESA4,Cia de Ferro Ligas da Bahia-Ferbasa Pfd,270500,https://icons.brapi.dev/icons/FESA4.svg,Non-Energy Minerals,stock,Materiais Básicos,Mineração e Siderurgia
VTRU3,"Vitru Brasil Empreendimentos, Participacoes e Comercio S.A.",245400,https://icons.brapi.dev/icons/VTRU3.svg,Commercial Services,stock,Serviços Diversos,Serviços Diversos
RCSL3,Recrusul SA,241100,https://icons.brapi.dev/icons/RCSL3.svg,Producer Manufacturing,stock,Bens Industriais,Máquinas e Equipamentos
VLID3,Valid Solucoes SA,218000,https://icons.brapi.dev/icons/VLID3.svg,Commercial Services,stock,Tecnologia da Informação,Software e Serviços de TI
FIQE3,Unifique Telecomunicacoes SA,206800,https://icons.brapi.dev/icons/FIQE3.svg,Communications,stock,Comunicações,Telecomunicações
CSED3,Cruzeiro do Sul Educacional SA,204000,https://icons.brapi.dev/icons/CSED3.svg,Consumer Services,stock,Educação,Educação
UNIP6,Unipar Carbocloro SA Pfd Class B,186000,https://icons.brapi.dev/icons/UNIP6.svg,Process Industries,stock,Materiais Básicos,Química e Petroquímica
ALPK3,Allpark Empreendimentos Participacoes e Servicos S.A.,149000,https://icons.brapi.dev/icons/ALPK3.svg,Consumer Services,stock,Educação,Educação
PTBL3,PBG S.A.Registered Shs,148300,https://icons.brapi.dev/icons/PTBL3.svg,Producer Manufacturing,stock,Bens Industriais,Máquinas e Equipamentos
ROMI3,Romi SA,146400,https://icons.brapi.dev/icons/ROMI3.svg,Producer Manufacturing,stock,Bens Industriais,Máquinas e Equipamentos
UCAS3,Unicasa Industria de Moveis S.A.,143000,https://icons.brapi.dev/icons/UCAS3.svg,Consumer Durables,stock,Consumo Cíclico,Bens de Consumo
BLAU3,Blau Farmaceutica SA,138900,https://icons.brapi.dev/icons/BLAU3.svg,Health Technology,stock,Saúde,Saúde
MATD3,Hospital Mater Dei SA,135200,https://icons.brapi.dev/icons/MATD3.svg,Health Services,stock,Saúde,Saúde
BRST3,Brisanet Servicos de Telecomunicacoes S.A.,130500,https://icons.brapi.dev/icons/BRST3.svg,Communications,stock,Comunicações,Telecomunicações
AGRO3,BrasilAgro Cia Brasileira de Propriedades Agricolas,128800,https://icons.brapi.dev/icons/AGRO3.svg,Finance,stock,Consumo Não Cíclico,Alimentos e Bebidas
ALLD3,Allied Tecnologia SA,128300,https://icons.brapi.dev/icons/ALLD3.svg,Technology Services,stock,Tecnologia da Informação,Hardware e Equipamentos
ITSA3,Itausa SA,118200,https://icons.brapi.dev/icons/ITSA3.svg,Finance,stock,Financeiro e Outros,Serviços Financeiros Diversos
LOGN3,Log-In Logistica Intermodal SA,114400,https://icons.brapi.dev/icons/LOGN3.svg,Transportation,stock,Bens Industriais,Transporte e Logística
DMVF3,D1000 Varejo Farma Participacoes SA,98000,https://icons.brapi.dev/icons/DMVF3.svg,Distribution Services,stock,Consumo Não Cíclico,Comércio e Distribuição
TAEE4,Transmissora Alianca De Energia Eletrica S.A. Pfd,97000,https://icons.brapi.dev/icons/TAEE4.svg,Industrial Services,stock,Utilidade Pública,Energia Elétrica
LVTC3,Livetech da Bahia Industria e Comercio SA,95400,https://icons.brapi.dev/icons/LVTC3.svg,Distribution Services,stock,Consumo Não Cíclico,Comércio e Distribuição
MEAL3,International Meal Company Alimentacao SA,91300,https://icons.brapi.dev/icons/MEAL3.svg,Consumer Non-Durables,stock,Consumo Não Cíclico,Alimentos e Bebidas
LPSB3,LPS Brasil-Consultoria de Imoveis SA,85600,https://icons.brapi.dev/icons/LPSB3.svg,Commercial Services,stock,Financeiro e Outros,Construção Civil e Imobiliário
SAPR3,Companhia de Saneamento do Parana - Sanepar,84900,https://icons.brapi.dev/icons/SAPR3.svg,Utilities,stock,Utilidade Pública,Saneamento
HOOT4,Hoteis Othon SA Pfd,81300,https://icons.brapi.dev/icons/HOOT4.svg,Consumer Services,stock,Serviços Diversos,Serviços Diversos
SHOW3,T4F Entretenimento S.A.,74000,https://icons.brapi.dev/icons/SHOW3.svg,Consumer Services,stock,Serviços Diversos,Serviços Diversos
VITT3,Vittia S.A.,73500,https://icons.brapi.dev/icons/VITT3.svg,Process Industries,stock,Materiais Básicos,Química e Petroquímica
RNEW4,Renova Energia S.A. Pfd,73200,https://icons.brapi.dev/icons/RNEW4.svg,Utilities,stock,Utilidade Pública,Energia Elétrica
AALR3,Allianca Saude e Participacoes SA - ALLIAR,68400,https://icons.brapi.dev/icons/AALR3.svg,Health Services,stock,Saúde,Saúde
ETER3,Eternit S.A.,60100,https://icons.brapi.dev/icons/ETER3.svg,Non-Energy Minerals,stock,Materiais Básicos,Mineração e Siderurgia
TAEE3,Transmissora Alianca De Energia Eletrica S.A.,56600,https://icons.brapi.dev/icons/TAEE3.svg,Industrial Services,stock,Utilidade Pública,Energia Elétrica
AMOB3,Automob Participacoes S.A,56200,https://icons.brapi.dev/icons/AMOB3.svg,Retail Trade,stock,Consumo Cíclico,Comércio Varejista
DEXP3,Dexxos Participacoes SA,48600,https://icons.brapi.dev/icons/DEXP3.svg,Process Industries,stock,Materiais Básicos,Química e Petroquímica
SANB4,Banco Santander (Brasil) SA Pfd,42700,https://icons.brapi.dev/icons/SANB4.svg,Finance,stock,Financeiro e Outros,Bancos
TCSA3,Tecnisa S.A.,41700,https://icons.brapi.dev/icons/TCSA3.svg,Finance,stock,Financeiro e Outros,Construção Civil e Imobiliário
SANB3,Banco Santander (Brasil) S.A.,40600,https://icons.brapi.dev/icons/SANB3.svg,Finance,stock,Financeiro e Outros,Bancos
RAPT3,Randoncorp S.A.,38200,https://icons.brapi.dev/icons/RAPT3.svg,Producer Manufacturing,stock,Bens Industriais,Máquinas e Equipamentos
LUPA3,Lupatech S.A.,37000,https://icons.brapi.dev/icons/LUPA3.svg,Producer Manufacturing,stock,Bens Industriais,Máquinas e Equipamentos
LAND3,Terra Santa Propriedades Agricolas SA,36800,https://icons.brapi.dev/icons/LAND3.svg,Finance,stock,Financeiro e Outros,Construção Civil e Imobiliário
PDTC3,Padtec Holding SA,35300,https://icons.brapi.dev/icons/PDTC3.svg,Electronic Technology,stock,Tecnologia da Informação,Hardware e Equipamentos
VIVR3,Viver Incorporadora e Construtora S.A.,33200,https://icons.brapi.dev/icons/VIVR3.svg,Consumer Durables,stock,Financeiro e Outros,Construção Civil e Imobiliário
SCAR3,Sao Carlos Empreendimentos e Participacoes SA,32400,https://icons.brapi.dev/icons/SCAR3.svg,Finance,stock,Financeiro e Outros,Construção Civil e Imobiliário
CSUD3,CSU Digital SA,31800,https://icons.brapi.dev/icons/CSUD3.svg,Commercial Services,stock,Tecnologia da Informação,Software e Serviços de TI
EUCA4,Eucatex S.A. Industria E Comercio Non-Cum Perp Pfd Registered Shs,29500,https://icons.brapi.dev/icons/EUCA4.svg,Non-Energy Minerals,stock,Materiais Básicos,Papel e Celulose
CEDO4,Cia. de Fiacao e Tecidos Cedro e Cachoeira Pfd,28500,https://icons.brapi.dev/icons/BRAPI.svg,Process Industries,stock,Consumo Cíclico,Têxtil
BRAP3,Bradespar S.A.,28100,https://icons.brapi.dev/icons/BRAP3.svg,Finance,stock,Financeiro e Outros,Serviços Financeiros Diversos
LUXM4,Trevisa Investimentos SA Pfd,27900,https://icons.brapi.dev/icons/BRAPI.svg,Transportation,stock,Bens Industriais,Transporte e Logística
ATED3,Atom Educacao e Editora S.A.,27200,https://icons.brapi.dev/icons/ATED3.svg,Technology Services,stock,Tecnologia da Informação,Software e Serviços de TI
FICT3,Fictor Alimentos SA,24300,https://icons.brapi.dev/icons/FICT3.svg,Commercial Services,stock,Serviços Diversos,Serviços Diversos
CAMB3,Cambuci SA,23900,https://icons.brapi.dev/icons/CAMB3.svg,Consumer Non-Durables,stock,Consumo Cíclico,Bens de Consumo
JFEN3,Joao Fortes Engenharia S.A.,22400,https://icons.brapi.dev/icons/JFEN3.svg,Consumer Durables,stock,Financeiro e Outros,Construção Civil e Imobiliário
AERI3,Aeris Industria e Comercio de Equipamentos para Geracao deEnergia S.A.,21800,https://icons.brapi.dev/icons/AERI3.svg,Producer Manufacturing,stock,Bens Industriais,Máquinas e Equipamentos
BIED3,Bioma Educacao SA,20900,https://icons.brapi.dev/icons/BRAPI.svg,Consumer Services,stock,Educação,Educação
CEBR6,Companhia Energetica de Brasilia - CEB Pfd B,19900,https://icons.brapi.dev/icons/CEBR6.svg,Utilities,stock,Utilidade Pública,Energia Elétrica
RNEW3,Renova Energia S.A.,19600,https://icons.brapi.dev/icons/RNEW3.svg,Utilities,stock,Utilidade Pública,Energia Elétrica
ALPA3,Alpargatas SA,19600,https://icons.brapi.dev/icons/ALPA3.svg,Consumer Non-Durables,stock,Consumo Cíclico,Bens de Consumo
UNIP3,Unipar Carbocloro SA,19000,https://icons.brapi.dev/icons/UNIP3.svg,Process Industries,stock,Materiais Básicos,Química e Petroquímica
REAG3,REAG Investimentos SA,18500,https://icons.brapi.dev/icons/REAG3.svg,Commercial Services,stock,Serviços Diversos,Serviços Diversos
AGXY3,Agrogalaxy Participacoes SA,17700,https://icons.brapi.dev/icons/AGXY3.svg,Distribution Services,stock,Consumo Não Cíclico,Comércio e Distribuição
CRPG5,Tronox Pigmentos do Brasil SA Pfd Registered Shs A,16300,https://icons.brapi.dev/icons/CRPG5.svg,Process Industries,stock,Materiais Básicos,Química e Petroquímica
GGBR3,Gerdau S.A.,15200,https://icons.brapi.dev/icons/GGBR3.svg,Non-Energy Minerals,stock,Materiais Básicos,Mineração e Siderurgia
GOAU3,Metalurgica Gerdau S.A.,14200,https://icons.brapi.dev/icons/GOAU3.svg,Non-Energy Minerals,stock,Materiais Básicos,Mineração e Siderurgia
TPIS3,TPI - Triunfo Participacoes e Investimentos SA,12700,https://icons.brapi.dev/icons/TPIS3.svg,Transportation,stock,Bens Industriais,Transporte e Logística
BRKM3,Braskem S.A.,12600,https://icons.brapi.dev/icons/BRKM3.svg,Process Industries,stock,Materiais Básicos,Química e Petroquímica
BMEB4,BCO Mercantil do Brasil SA Pfd,12400,https://icons.brapi.dev/icons/BMEB4.svg,Finance,stock,Financeiro e Outros,Bancos
EQPA3,Equatorial Para Distribuidora de Energia SA,12100,https://icons.brapi.dev/icons/EQPA3.svg,Utilities,stock,Utilidade Pública,Energia Elétrica
CEBR3,Companhia Energetica de Brasilia - CEB,12000,https://icons.brapi.dev/icons/CEBR3.svg,Utilities,stock,Utilidade Pública,Energia Elétrica
BIOM3,Biomm SA,11900,https://icons.brapi.dev/icons/BIOM3.svg,Health Technology,stock,Saúde,Saúde
BEES3,Banestes S.A. - Banco do Estado do Espirito Santo,11900,https://icons.brapi.dev/icons/BEES3.svg,Finance,stock,Financeiro e Outros,Bancos
TASA3,Taurus Armas S.A.,11100,https://icons.brapi.dev/icons/TASA3.svg,Electronic Technology,stock,Bens Industriais,Máquinas e Equipamentos
BSLI3,BRB Banco de Brasilia SA,10800,https://icons.brapi.dev/icons/BSLI3.svg,Finance,stock,Financeiro e Outros,Bancos
DOTZ3,Dotz SA,10400,https://icons.brapi.dev/icons/DOTZ3.svg,Technology Services,stock,Tecnologia da Informação,Software e Serviços de TI
EALT4,Electro Aco Altona SA Pfd,10100,https://icons.brapi.dev/icons/EALT4.svg,Producer Manufacturing,stock,Bens Industriais,Máquinas e Equipamentos
TECN3,Technos S.A.,10000,https://icons.brapi.dev/icons/TECN3.svg,Consumer Durables,stock,Consumo Cíclico,Bens de Consumo
TELB4,Telecomunicacoes Brasileiras SA - TELEBRAS Pref.,9800,https://icons.brapi.dev/icons/TELB4.svg,Communications,stock,Comunicações,Telecomunicações
WEST3,Westwing Comercio Varejista SA,9600,https://icons.brapi.dev/icons/WEST3.svg,Retail Trade,stock,Consumo Cíclico,Comércio Varejista
INEP3,Inepar SA Industria e Construcoes,9600,https://icons.brapi.dev/icons/INEP3.svg,Industrial Services,stock,Bens Industriais,Serviços Industriais
TRAD3,TC S.A.,9500,https://icons.brapi.dev/icons/TRAD3.svg,Technology Services,stock,Tecnologia da Informação,Software e Serviços de TI
ALUP4,Alupar Investimento SA Pfd Shs,9200,https://icons.brapi.dev/icons/ALUP4.svg,Utilities,stock,Utilidade Pública,Energia Elétrica
MTSA4,Metisa Metalurgica Timboense SA Pfd,8900,https://icons.brapi.dev/icons/MTSA4.svg,Producer Manufacturing,stock,Bens Industriais,Máquinas e Equipamentos
BRSR3,Banco do Estado do Rio Grande do Sul SA,8800,https://icons.brapi.dev/icons/BRSR3.svg,Finance,stock,Financeiro e Outros,Bancos
ENGI4,Energisa SA Pfd Shs Non-Voting,8400,https://icons.brapi.dev/icons/ENGI4.svg,Utilities,stock,Utilidade Pública,Energia Elétrica
RDNI3,Rodobens Negocios Imobiliarios S.A.,7900,https://icons.brapi.dev/icons/RDNI3.svg,Finance,stock,Financeiro e Outros,Construção Civil e Imobiliário
RSID3,Rossi Residencial S.A.,7500,https://icons.brapi.dev/icons/RSID3.svg,Consumer Durables,stock,Financeiro e Outros,Construção Civil e Imobiliário
NGRD3,Neogrid Participacoes SA,7500,https://icons.brapi.dev/icons/NGRD3.svg,Technology Services,stock,Tecnologia da Informação,Software e Serviços de TI
CLSC4,Centrais Eletricas de Santa Catarina SA Pfd,7000,https://icons.brapi.dev/icons/CLSC4.svg,Utilities,stock,Utilidade Pública,Energia Elétrica
INEP4,Inepar SA Industria e Construcoes Pfd,6800,https://icons.brapi.dev/icons/INEP4.svg,Industrial Services,stock,Bens Industriais,Serviços Industriais
IGTI3,Iguatemi SA,6800,https://icons.brapi.dev/icons/IGTI3.svg,Finance,stock,Financeiro e Outros,Serviços Financeiros Diversos
EPAR3,Embpar Participacoes SA,6800,https://icons.brapi.dev/icons/EPAR3.svg,Producer Manufacturing,stock,Bens Industriais,Máquinas e Equipamentos
ENGI3,Energisa SA,6800,https://icons.brapi.dev/icons/ENGI3.svg,Utilities,stock,Utilidade Pública,Energia Elétrica
FHER3,Fertilizantes Heringer S.A.,6300,https://icons.brapi.dev/icons/FHER3.svg,Process Industries,stock,Materiais Básicos,Química e Petroquímica
OIBR4,Oi S.A.Non-Cum Perp Pfd Registered Shs,6000,https://icons.brapi.dev/icons/OIBR4.svg,Communications,stock,Comunicações,Telecomunicações
RSUL4,Metalurgica Riosulense SA Pfd,5800,https://icons.brapi.dev/icons/BRAPI.svg,Producer Manufacturing,stock,Bens Industriais,Máquinas e Equipamentos
PINE3,Banco PINE S.A.,5300,https://icons.brapi.dev/icons/PINE3.svg,Finance,stock,Financeiro e Outros,Bancos
CGRA4,Grazziotin S.A. Pfd,5200,https://icons.brapi.dev/icons/CGRA4.svg,Retail Trade,stock,Consumo Cíclico,Comércio Varejista
BALM4,Baumer SA BALM Non-Cum Perp Pfd Registered Shs,5200,https://icons.brapi.dev/icons/BALM4.svg,Health Technology,stock,Saúde,Saúde
DOHL4,Dohler SA Comercio e Industria Pfd,5000,https://icons.brapi.dev/icons/BRAPI.svg,Process Industries,stock,Consumo Cíclico,Têxtil
WHRL4,Whirlpool SA Pfd,4500,https://icons.brapi.dev/icons/WHRL4.svg,Consumer Durables,stock,Consumo Cíclico,Bens de Consumo
ALUP3,Alupar Investimento SA,4300,https://icons.brapi.dev/icons/ALUP3.svg,Utilities,stock,Utilidade Pública,Energia Elétrica
NUTR3,Nutriplant Industria E Comercio S.A.,4300,https://icons.brapi.dev/icons/NUTR3.svg,Process Industries,stock,Consumo Não Cíclico,Alimentos e Bebidas
CTAX3,Contax Participacoes SA,4100,https://icons.brapi.dev/icons/BRAPI.svg,Commercial Services,stock,Serviços Diversos,Serviços Diversos
BEES4,Banestes SA Banco do Estado do Espirito Santo Pfd,4000,https://icons.brapi.dev/icons/BEES4.svg,Finance,stock,Financeiro e Outros,Bancos
BGIP4,Banco do Estado de Sergipe SA - Banese Non-Cum Perp Pfd Registered Shs,4000,https://icons.brapi.dev/icons/BRAPI.svg,Finance,stock,Financeiro e Outros,Bancos
ISAE3,Isa Energia Brasil SA,4000,https://icons.brapi.dev/icons/ISAE3.svg,Utilities,stock,Utilidade Pública,Energia Elétrica
OFSA3,Ourofino S.A.,3700,https://icons.brapi.dev/icons/OFSA3.svg,Health Technology,stock,Saúde,Saúde
AVLL3,Alphaville SA,3400,https://icons.brapi.dev/icons/AVLL3.svg,Finance,stock,Financeiro e Outros,Construção Civil e Imobiliário
WHRL3,Whirlpool S.A.,3300,https://icons.brapi.dev/icons/WHRL3.svg,Consumer Durables,stock,Consumo Cíclico,Bens de Consumo
DEXP4,Dexxos Participacoes SA Pref,3000,https://icons.brapi.dev/icons/DEXP4.svg,Process Industries,stock,Materiais Básicos,Química e Petroquímica
BPAC3,Banco BTG Pactual SA,2700,https://icons.brapi.dev/icons/BPAC3.svg,Finance,stock,Financeiro e Outros,Bancos
BAZA3,Banco da Amazonia S.A.,2700,https://icons.brapi.dev/icons/BAZA3.svg,Finance,stock,Financeiro e Outros,Bancos
HAGA4,Haga SA Industria e Comercio Pfd,2400,https://icons.brapi.dev/icons/HAGA4.svg,Consumer Durables,stock,Consumo Cíclico,Bens de Consumo
RPMG3,Refinaria de Petroleos Manguinhos S.A.,2300,https://icons.brapi.dev/icons/RPMG3.svg,Energy Minerals,stock,"Petróleo, Gás e Biocombustíveis","Petróleo, Gás e Biocombustíveis"
BOBR4,Bombril S.A.Non-Cum Perp Pfd Registered Shs,2300,https://icons.brapi.dev/icons/BOBR4.svg,Consumer Non-Durables,stock,Consumo Cíclico,Bens de Consumo
BSLI4,BRB Banco de Brasilia SA Pfd,2100,https://icons.brapi.dev/icons/BSLI4.svg,Finance,stock,Financeiro e Outros,Bancos
VSTE3,Veste S.A. Estilo,2000,https://icons.brapi.dev/icons/VSTE3.svg,Consumer Non-Durables,stock,Consumo Cíclico,Bens de Consumo
REDE3,Rede Energia S.A.,2000,https://icons.brapi.dev/icons/REDE3.svg,Utilities,stock,Utilidade Pública,Energia Elétrica
COCE5,Companhia Energetica do Ceara-COELCE Pfd A,1800,https://icons.brapi.dev/icons/COCE5.svg,Utilities,stock,Utilidade Pública,Energia Elétrica
BPAC5,Banco BTG Pactual SA Pfd A,1800,https://icons.brapi.dev/icons/BPAC5.svg,Finance,stock,Financeiro e Outros,Bancos
MNDL3,Mundial S.A.- Produtos de Consumo,1700,https://icons.brapi.dev/icons/MNDL3.svg,Consumer Non-Durables,stock,Consumo Cíclico,Bens de Consumo
EMAE4,EMAE-Empresa Metropolitana de Aguas e Energia SA Pfd Registered,1500,https://icons.brapi.dev/icons/EMAE4.svg,Utilities,stock,Utilidade Pública,Energia Elétrica
EUCA3,Eucatex S.A. Industria e Comercio,1300,https://icons.brapi.dev/icons/BRAPI.svg,Non-Energy Minerals,stock,Materiais Básicos,Papel e Celulose
ENMT3,Energisa Mato Grosso - Distribuidora de Energia Sa,1200,https://icons.brapi.dev/icons/BRAPI.svg,Utilities,stock,Utilidade Pública,Energia Elétrica
CTKA4,Karsten S.A.Non-Cum Perp Pfd Registered Shs,1100,https://icons.brapi.dev/icons/BRAPI.svg,Process Industries,stock,Consumo Cíclico,Têxtil
CEBR5,Companhia Energetica de Brasilia - CEB Pfd A,1100,https://icons.brapi.dev/icons/CEBR5.svg,Utilities,stock,Utilidade Pública,Energia Elétrica
WLMM4,WLM Participacoes e Comercio de Maquinas e Veiculos SA Pfd,1000,https://icons.brapi.dev/icons/WLMM4.svg,Distribution Services,stock,Consumo Não Cíclico,Comércio e Distribuição
CRPG3,Tronox Pigmentos do Brasil SA,1000,https://icons.brapi.dev/icons/BRAPI.svg,Process Industries,stock,Materiais Básicos,Química e Petroquímica
PTNT4,Pettenati SA Industria Textil Pfd,900,https://icons.brapi.dev/icons/PTNT4.svg,Process Industries,stock,Consumo Cíclico,Têxtil
EALT3,Electro Aco Altona SA,800,https://icons.brapi.dev/icons/EALT3.svg,Producer Manufacturing,stock,Bens Industriais,Máquinas e Equipamentos
MGEL4,Mangels Industrial SA Pfd Shs,800,https://icons.brapi.dev/icons/MGEL4.svg,Producer Manufacturing,stock,Bens Industriais,Máquinas e Equipamentos
CGRA3,Grazziotin S.A.,700,https://icons.brapi.dev/icons/CGRA3.svg,Retail Trade,stock,Consumo Cíclico,Comércio Varejista
CPLE5,Companhia Paranaense de Energia - COPEL Pfd Registered A,600,https://icons.brapi.dev/icons/BRAPI.svg,Utilities,stock,Utilidade Pública,Energia Elétrica
GEPA4,Rio Paranapanema Energia SA Pfd Registered,400,https://icons.brapi.dev/icons/BRAPI.svg,Utilities,stock,Utilidade Pública,Energia Elétrica
BRKM6,Braskem S.A. Conv Pfd B,400,https://icons.brapi.dev/icons/BRAPI.svg,Process Industries,stock,Materiais Básicos,Química e Petroquímica
OSXB3,OSX Brasil S.A.,300,https://icons.brapi.dev/icons/OSXB3.svg,Industrial Services,stock,Bens Industriais,Serviços Industriais
CTSA3,Cia Tecidos Santanense SA,300,https://icons.brapi.dev/icons/BRAPI.svg,Process Industries,stock,Consumo Cíclico,Têxtil
CGAS5,Companhia de Gas de Sao Paulo - COMGAS Pfd Registered A,300,https://icons.brapi.dev/icons/CGAS5.svg,Utilities,stock,"Petróleo, Gás e Biocombustíveis","Petróleo, Gás e Biocombustíveis"
RNEW11,Renova Energia S.A. Certificado de Deposito de Acoes Cons of 1 Sh + 2 Pfd Shs,300,https://icons.brapi.dev/icons/RNEW11.svg,Utilities,fund,Utilidade Pública,Energia Elétrica
EKTR4,Elektro Redes S.A. Pfd Shs,200,https://icons.brapi.dev/icons/BRAPI.svg,Utilities,stock,Utilidade Pública,Energia Elétrica
FESA3,Cia de Ferro Ligas da Bahia,200,https://icons.brapi.dev/icons/BRAPI.svg,Non-Energy Minerals,stock,Materiais Básicos,Mineração e Siderurgia
EQMA3B,Equatorial Maranhao Distribuidora de Energia SA,200,https://icons.brapi.dev/icons/BRAPI.svg,Utilities,stock,Utilidade Pública,Energia Elétrica
BNBR3,Banco do Nordeste do Brasil S.A.,200,https://icons.brapi.dev/icons/BNBR3.svg,Finance,stock,Financeiro e Outros,Bancos
ENMT4,Energisa Mato Grosso - Distribuidora de Energia Sa Pfd Shs,200,https://icons.brapi.dev/icons/ENMT4.svg,Utilities,stock,Utilidade Pública,Energia Elétrica
TKNO4,Tekno SA Industria e Comercio Pfd,200,https://icons.brapi.dev/icons/BRAPI.svg,Non-Energy Minerals,stock,Materiais Básicos,Mineração e Siderurgia
AHEB3,Sao Paulo Turismo SA,200,https://icons.brapi.dev/icons/BRAPI.svg,Commercial Services,stock,Serviços Diversos,Serviços Diversos
HAGA3,Haga SA Industria e Comercio,200,https://icons.brapi.dev/icons/HAGA3.svg,Consumer Durables,stock,Consumo Cíclico,Bens de Consumo
TELB3,Telecomunicacoes Brasileiras SA,200,https://icons.brapi.dev/icons/TELB3.svg,Communications,stock,Comunicações,Telecomunicações
PEAB4,Cia de Participacoes Alianca da Bahia Non-Cum Perp Pfd Registered Shs,100,https://icons.brapi.dev/icons/BRAPI.svg,Finance,stock,Financeiro e Outros,Serviços Financeiros Diversos
ESTR4,Manufatura de Brinquedos Estrela SA Pfd,100,https://icons.brapi.dev/icons/ESTR4.svg,Consumer Durables,stock,Consumo Cíclico,Bens de Consumo
CALI3,Construtora Adolpho Lindenberg SA,100,https://icons.brapi.dev/icons/BRAPI.svg,Industrial Services,stock,Financeiro e Outros,Construção Civil e Imobiliário
AFLT3,Afluente Transmissao De Energia Eletrica SA,100,https://icons.brapi.dev/icons/BRAPI.svg,Utilities,stock,Utilidade Pública,Energia Elétrica
BMKS3,Bicicletas Monark S.A.,1,https://icons.brapi.dev/icons/BMKS3.svg,Consumer Durables,stock,Consumo Cíclico,Bens de Consumo
